Id,Name,Date,EndDate,ProblemIdList
1,yukicoder contest 1,2014-07-23,2014-07-23,[17]
2,yukicoder contest 2,2014-07-23,2014-07-24,[18]
3,yukicoder contest 3,2014-07-24,2014-07-24,[11]
4,yukicoder contest 4,2014-07-24,2014-07-25,[19]
5,"yukicoder contest 5
",2014-07-26,2014-07-26,[14]
6,yukicoder contest 6,2014-07-26,2014-07-27,[24]
7,yukicoder contest 7,2014-07-27,2014-07-28,[25]
8,yukicoder contest 8,2014-07-29,2014-07-30,[26]
9,yukicoder contest 9,2014-07-31,2014-08-01,[28]
10,yukicoder contest 10,2014-08-03,2014-08-04,[29]
11,yukicoder contest 11,2014-08-05,2014-08-06,[30]
12,yukicoder contest 12,2014-08-07,2014-08-08,[34]
13,yukicoder contest 13,2014-08-10,2014-08-11,[37]
14,yukicoder contest 14,2014-08-14,2014-08-15,[38]
15,yukicoder contest 15,2014-08-17,2014-08-18,[39]
16,yukicoder contest 16,2014-08-21,2014-08-22,[42]
17,yukicoder contest 17,2014-08-24,2014-08-25,[61]
18,yukicoder contest 18,2014-08-26,2014-08-27,[59]
19,yukicoder contest 19,2014-08-28,2014-08-29,[62]
20,yukicoder contest 20,2014-08-31,2014-09-01,[64]
21,yukicoder contest 21,2014-09-02,2014-09-03,[67]
22,yukicoder contest 22,2014-09-04,2014-09-05,[68]
23,yukicoder contest 23,2014-09-07,2014-09-08,[33]
24,yukicoder contest 24,2014-09-09,2014-09-10,[69]
25,yukicoder contest 25,2014-09-11,2014-09-12,[70]
26,yukicoder contest 26,2014-09-16,2014-09-17,[74]
27,yukicoder contest 27,2014-09-18,2014-09-19,[32]
28,yukicoder contest 28,2014-09-21,2014-09-22,[9]
29,yukicoder contest 29,2014-09-23,2014-09-24,[1]
30,yukicoder contest 30,2014-09-25,2014-09-26,[2]
31,yukicoder contest 31,2014-09-28,2014-09-29,[3]
32,yukicoder contest 32,2014-09-30,2014-10-01,[5]
33,yukicoder contest 33,2014-10-02,2014-10-03,[6]
34,yukicoder contest 34,2014-10-05,2014-10-06,[15]
35,yukicoder contest 35,2014-10-07,2014-10-08,"[4, 27]"
36,yukicoder contest 36,2014-10-09,2014-10-10,[63]
37,yukicoder contest 37,2014-10-12,2014-10-13,[31]
38,yukicoder contest 38,2014-10-14,2014-10-15,"[36, 60]"
39,yukicoder contest 39,2014-10-16,2014-10-17,"[40, 22]"
40,yukicoder contest 40,2014-10-19,2014-10-20,[8]
41,yukicoder contest 41,2014-10-21,2014-10-22,"[43, 89]"
42,yukicoder contest 42,2014-10-23,2014-10-23,"[75, 87]"
43,yukicoder contest 43,2014-10-26,2014-10-27,[81]
44,yukicoder contest 44,2014-10-28,2014-10-29,"[100, 10]"
45,yukicoder contest 45,2014-10-30,2014-10-31,"[80, 41]"
46,yukicoder contest 46,2014-11-03,2014-11-03,[83]
47,yukicoder contest 47,2014-11-04,2014-11-05,"[111, 82, 79]"
48,yukicoder contest 48,2014-11-06,2014-11-07,[98]
49,yukicoder contest 49,2014-11-09,2014-11-10,"[123, 113]"
50,yukicoder contest 50,2014-11-10,2014-11-10,[132]
51,yukicoder contest 51,2014-11-11,2014-11-12,"[134, 119]"
52,yukicoder contest 52,2014-11-13,2014-11-14,"[84, 93]"
53,yukicoder contest 53,2014-11-16,2014-11-17,"[145, 146]"
54,yukicoder contest 54,2014-11-18,2014-11-19,"[35, 126, 140, 162]"
55,yukicoder contest 55,2014-11-20,2014-11-21,"[144, 127]"
56,yukicoder contest 56,2014-11-23,2014-11-24,"[129, 154]"
57,yukicoder contest 57,2014-12-07,2014-12-07,"[148, 179, 209, 200, 149, 103, 23, 115, 105, 101]"
58,yukicoder contest 58,2014-11-25,2014-11-26,"[186, 152]"
59,yukicoder contest 59,2014-11-27,2014-11-28,"[202, 203, 124]"
60,yukicoder contest 60,2014-12-02,2014-12-03,"[201, 196, 166]"
61,yukicoder contest 61,2014-12-04,2014-12-05,"[156, 195]"
62,yukicoder Advent Calendar Problem,2014-12-07,2014-12-07,[218]
63,yukicoder contest 63,2014-12-09,2014-12-10,"[224, 191]"
64,yukicoder contest 64,2014-12-11,2014-12-12,"[178, 213]"
65,yukicoder contest 65,2014-12-14,2014-12-15,"[116, 187]"
66,yukicoder contest 66,2014-12-16,2014-12-17,"[176, 198]"
67,yukicoder contest 67,2014-12-18,2014-12-19,"[158, 102]"
68,yukicoder contest 68,2014-12-21,2014-12-22,"[121, 120]"
69,yukicoder ネタコンテスト,2014-12-25,2014-12-26,"[204, 268, 267, 214, 266, 274, 173, 241]"
70,yukicoder contest 70,2014-12-23,2014-12-24,"[265, 246, 253]"
71,yukicoder contest 71,2014-12-28,2014-12-29,"[278, 114, 205]"
72,yukicoder contest 72,2015-01-04,2015-01-05,"[220, 184]"
73,yukicoder contest 73,2015-01-06,2015-01-07,"[221, 7]"
74,yukicoder contest 74,2015-01-08,2015-01-09,"[291, 292, 298]"
75,yukicoder contest 75,2015-01-11,2015-01-12,"[284, 222, 167]"
76,yukicoder contest 76,2015-01-13,2015-01-14,"[219, 293]"
77,yukicoder contest 77,2015-01-16,2015-01-17,"[130, 143, 282]"
78,yukicoder contest 78,2015-01-20,2015-01-21,"[310, 147]"
79,yukicoder contest 79,2015-01-25,2015-01-26,"[135, 254, 192]"
80,yukicoder contest 80,2015-01-22,2015-01-23,"[199, 273]"
81,yukicoder contest 81,2015-01-29,2015-01-30,"[341, 250, 251]"
82,yukicoder contest 82,2015-02-01,2015-02-02,"[228, 206]"
83,yukicoder contest 83,2015-02-05,2015-02-06,"[361, 242, 236]"
84,yukicoder contest 84,2015-02-08,2015-02-09,"[369, 370, 371]"
85,yukicoder contest 85,2015-02-12,2015-02-13,"[295, 344, 383]"
86,yukicoder contest 86,2015-02-15,2015-02-16,"[257, 13]"
87,yukicoder contest 87,2015-02-17,2015-02-18,"[372, 183]"
88,yukicoder contest 88,2015-02-26,2015-02-27,"[307, 233, 125]"
89,yukicoder contest 89,2015-03-01,2015-03-02,"[405, 417]"
90,yukicoder contest 90,2015-03-05,2015-03-06,"[252, 281]"
91,yukicoder contest 91,2015-03-12,2015-03-13,"[339, 317, 264]"
92,yukicoder contest 92,2015-03-19,2015-03-20,"[380, 373, 296]"
93,yukicoder contest 93,2015-03-22,2015-03-23,"[340, 409, 414]"
94,yukicoder contest 94,2015-03-26,2015-03-27,"[388, 325, 326]"
95,yukicoder contest 95,2015-04-02,2015-04-03,"[415, 457, 177]"
96,yukicoder contest 96,2015-04-05,2015-04-06,"[424, 454, 425, 472]"
97,yukicoder contest 97,2015-04-16,2015-04-17,"[485, 470, 481]"
98,yukicoder contest 98,2015-04-19,2015-04-20,"[446, 447, 448]"
99,yukicoder contest 99,2015-04-22,2015-04-22,"[492, 493, 499]"
100,yukicoder open 2015 small,2015-04-26,2015-04-27,"[502, 391, 461, 381, 382, 234]"
101,yukicoder contest 101,2015-04-28,2015-04-29,"[432, 428, 433, 297]"
102,yukicoder contest 102,2015-05-03,2015-05-04,"[436, 476, 512, 230]"
103,yukicoder contest 103,2015-05-08,2015-05-08,"[526, 490, 412, 440]"
104,yukicoder contest 104,2015-05-15,2015-05-15,"[560, 487, 368, 483]"
105,yukicoder contest 105,2015-05-22,2015-05-23,"[441, 442, 443, 104, 444]"
106,yukicoder contest 106,2015-05-26,2015-05-26,"[550, 557]"
107,yukicoder contest 107,2015-05-29,2015-05-29,"[587, 593, 577]"
108,yukicoder contest 108,2015-06-05,2015-06-05,"[509, 211, 558]"
109,yukicoder 1周年記念 復習コンテスト R1,2015-07-24,2015-07-25,"[692, 302, 392, 387, 687, 676, 637]"
110,yukicoder contest 110,2015-06-12,2015-06-12,"[609, 610, 600]"
111,yukicoder contest 111,2015-06-19,2015-06-19,"[562, 247, 617, 625]"
112,yukicoder contest 112,2015-06-26,2015-06-27,"[535, 498, 537, 536, 640]"
113,yukicoder contest 113,2015-07-05,2015-07-05,"[592, 239, 591]"
114,yukicoder contest 114,2015-07-10,2015-07-11,"[659, 303, 642, 638, 643]"
115,yukicoder contest 115,2015-07-17,2015-07-18,"[651, 507, 551, 678, 580]"
116,yukicoder 1周年記念 復習コンテスト R2,2015-07-31,2015-08-01,"[694, 708, 710, 396, 612, 655, 402, 399]"
117,yukicoder contest 117,2015-08-07,2015-08-07,"[699, 605, 596]"
118,yukicoder contest 118,2015-08-21,2015-08-22,"[581, 394, 473, 569, 336]"
119,yukicoder contest 119,2015-08-28,2015-08-28,"[590, 389, 658]"
120,yukicoder contest 120,2015-09-04,2015-09-04,"[746, 744, 666, 745]"
121,yukicoder contest 121,2015-09-18,2015-09-19,"[531, 604, 661, 721, 664, 662]"
122,yukicoder contest 122,2015-10-09,2015-10-09,"[752, 528, 763, 333]"
123,yukicoder contest 123,2015-10-16,2015-10-16,"[783, 335, 622]"
124,yukicoder contest 124,2015-10-23,2015-10-23,"[725, 728, 743, 400]"
125,yukicoder contest 125,2015-11-06,2015-11-07,"[822, 464, 702]"
126,yukicoder contest 126,2015-11-13,2015-11-14,"[808, 817, 189, 190, 831]"
127,Advent Calendar Contest 2015,2015-12-01,2015-12-26,"[840, 846, 874, 848, 847, 686, 882, 766, 891, 896, 899, 850, 875, 849, 884, 845, 879, 477, 905, 904, 703, 663, 778, 877, 894]"
128,yukicoder contest 128,2015-11-27,2015-11-28,"[765, 768, 853, 769]"
129,yukicoder contest 129,2016-01-15,2016-01-16,"[935, 930, 936, 933]"
130,yukicoder contest 130,2016-01-29,2016-01-29,"[798, 814, 776, 932]"
131,yukicoder contest 131,2016-02-12,2016-02-13,"[563, 564, 707, 857]"
132,yukicoder contest 132,2016-02-26,2016-02-27,"[984, 987, 836, 795]"
133,yukicoder contest 133,2016-03-11,2016-03-12,"[924, 737, 735, 750]"
134,yukicoder April Contest,2016-04-01,2016-04-02,"[799, 958, 701, 616, 810]"
135,yukicoder 門松コンテスト,2016-04-17,2016-04-18,"[1025, 940, 1067, 1016, 1010, 1024, 1009]"
136,yukicoder contest 136,2016-04-29,2016-04-30,"[1081, 1077, 996, 1048]"
137,yukicoder contest 137,2016-05-13,2016-05-14,"[1039, 780, 980, 598]"
138,yukicoder contest 138,2016-06-04,2016-06-05,"[748, 1021, 489, 547, 561]"
139,yukicoder contest 139,2016-06-17,2016-06-18,"[922, 898, 348, 923, 867]"
140,yukicoder contest 140,2016-07-01,2016-07-02,"[683, 397, 913, 1183, 1199]"
141,yukicoder contest 141,2016-07-08,2016-07-09,"[961, 1030, 486, 918]"
142,yukicoder contest 142,2016-07-15,2016-07-16,"[818, 1235, 437, 1233, 819, 1249]"
143,yukicoder contest 143,2016-07-22,2016-07-23,"[1044, 1218, 1152, 893, 1072]"
144,yukicoder contest 144,2016-07-12,2016-07-13,"[1188, 1189]"
145,yukicoder contest 145,2016-08-05,2016-08-06,"[826, 1221, 1232, 1161, 1064]"
146,yukicoder contest 146,2016-08-12,2016-08-13,"[974, 754, 770, 1175]"
147,yukicoder contest 147,2016-08-26,2016-08-27,"[1263, 1224, 1229, 1207]"
148,yukicoder contest 148,2016-09-09,2016-09-10,"[299, 615, 491, 277, 627]"
149,yukicoder contest 149,2016-09-22,2016-09-23,"[1306, 1326, 1307, 1321]"
150,yukicoder contest 150,2016-10-02,2016-10-03,"[1294, 901, 926, 1013]"
151,yukicoder contest 151,2016-10-14,2016-10-15,"[1352, 1104, 684, 467, 466]"
152,yukicoder contest 152,2016-10-28,2016-10-29,"[1098, 1126, 1100, 1094, 1095]"
153,yukicoder contest 153,2016-11-11,2016-11-12,"[1227, 1228, 871, 1291]"
154,yukicoder contest 154,2016-11-18,2016-11-19,"[1243, 1170, 978, 1430, 988]"
155,yukicoder contest 155,2017-01-27,2017-01-28,"[1300, 1186, 1489, 1357]"
156,Advent Calendar Contest 2016,2016-12-01,2016-12-25,"[1434, 1416, 1455, 771, 1436, 1438, 1451, 1414, 931, 1435, 1121, 1096, 1389, 1450, 1447, 1467, 1138, 1163, 1456, 1476, 1425, 709, 734, 1437, 1355, 131]"
157,yukicoder contest 156,2017-02-10,2017-02-11,"[1480, 1358, 1330, 689, 1428]"
158,yukicoder contest 157,2017-02-24,2017-02-25,"[1535, 1402, 1407, 979, 1266]"
159,yukicoder contest 158,2017-03-10,2017-03-11,"[1398, 1284, 1283, 1313]"
160,yukicoder contest 159,2017-03-24,2017-03-25,"[1359, 1413, 934, 488, 1020]"
161,yukicoder April fool contest （変わり種問題）,2017-03-31,2017-04-01,"[1613, 1607, 1332, 1606, 1566, 1147, 888, 1176, 1409, 1620, 1614]"
162,yukicoder contest 160,2017-04-07,2017-04-08,"[1580, 1097, 1075, 1504, 1522]"
163,yukicoder contest 161,2017-04-21,2017-04-21,"[1162, 1342, 1603, 1164]"
164,yukicoder contest 162,2017-04-28,2017-04-29,"[1331, 1337, 1316, 1292]"
165,yukicoder contest 163,2017-05-05,2017-05-06,"[1433, 1059, 1060, 1408]"
166,yukicoder contest 164,2017-05-28,2017-05-28,"[1360, 1007, 1276, 1195, 1212]"
167,yukicoder contest 165,2017-06-02,2017-06-03,"[1427, 1415, 1117, 1091]"
168,yukicoder contest 166,2017-06-09,2017-06-10,"[1378, 1344, 1133, 1627, 1290]"
169,yukicoder contest 167,2017-06-23,2017-06-24,"[1639, 1472, 1625, 1755, 1481, 1541]"
170,yukicoder contest 168,2017-06-30,2017-07-01,"[1410, 1746, 1015, 937, 1509, 1725]"
171,yukicoder contest 169,2017-07-14,2017-07-15,"[1677, 1632, 1485, 1203, 1280]"
172,yukicoder contest 170,2017-07-28,2017-07-29,"[1628, 1642, 1617, 1282, 1251]"
173,yukicoder contest 171,2017-08-11,2017-08-12,"[1734, 1778, 1287, 1305, 1213, 1789]"
174,yukicoder contest 172,2017-08-25,2017-08-26,"[1760, 1655, 1150, 816, 1759, 777]"
175,yukicoder contest 173,2017-09-08,2017-09-09,"[1873, 1638, 1159, 1336, 1738, 1729]"
176,yukicoder contest 174,2017-10-06,2017-10-07,"[1340, 1325, 1216, 1487, 1424, 1696]"
177,yukicoder contest 難問コンテスト,2017-10-13,2017-10-14,"[1923, 1807, 1727, 1737]"
178,yukicoder contest 175,2017-10-27,2017-10-28,"[1640, 1296, 1464, 1883, 1888]"
179,yukicoder contest 176,2017-11-03,2017-11-04,"[1779, 1641, 1119, 1594, 1645]"
180,yukicoder contest 177,2017-11-10,2017-11-11,"[1945, 1534, 1751, 1181, 1591, 1367]"
181,yukicoder contest 178,2017-11-24,2017-11-25,"[1761, 1868, 1171, 1172]"
182,Advent Calendar Contest 2017,2017-12-01,2017-12-25,"[1994, 1980, 1993, 1992, 1412, 2011, 2009, 2038, 2000, 2035, 1859, 2004, 2019, 2045, 2022, 2017, 2021, 2024, 2029, 2023, 2031, 1786, 471, 2040, 2058]"
183,yukicoder contest 179,2018-01-05,2018-01-05,"[1892, 1193, 1683, 1726, 2068]"
184,はむこさん問題,2017-12-15,2017-12-16,[2046]
185,yukicoder contest 180,2018-01-19,2018-01-19,"[1669, 1895, 1705, 1478, 1702]"
186,yukicoder contest 181,2018-01-26,2018-01-27,"[1694, 1852, 1805, 1932, 1995]"
187,yukicoder contest 182,2018-02-02,2018-02-02,"[2110, 1988, 1665, 1864]"
188,yukicoder contest 183,2018-02-09,2018-02-10,"[1926, 2103, 1854, 2120, 1317]"
189,yukicoder contest 184,2018-02-23,2018-02-24,"[1919, 1920, 1921, 2027, 1922]"
190,yukicoder contest 185,2018-03-02,2018-03-03,"[1656, 1971, 1973, 1570, 1889]"
191,yukicoder contest 186,2018-03-09,2018-03-10,"[1588, 2090, 1955, 1211, 1917]"
192,yukicoder April fool contest 2018,2018-04-01,2018-04-03,"[2114, 2225, 2220, 2226, 2166, 2167, 1314, 2227]"
193,yukicoder contest 187,2018-03-23,2018-03-24,"[1798, 1439, 1630, 1812, 1886]"
194,yukicoder contest 188,2018-04-13,2018-04-14,"[1361, 1486, 767, 1601, 1572]"
195,yukicoder contest 189,2018-04-27,2018-04-28,"[1799, 1865, 1209, 1897, 1776, 1853]"
196,yukicoder contest 190,2018-05-11,2018-05-12,"[2256, 2257, 2258, 1783, 1887]"
197,yukicoder contest 191,2018-05-18,2018-05-19,"[1667, 1684, 1685, 1686, 1687]"
198,yukicoder long contest 1,2018-05-25,2018-06-01,[2174]
199,yukicoder contest 192,2018-06-08,2018-06-09,"[2124, 2297, 2111, 2231, 2125]"
200,yukicoder contest 193,2018-06-15,2018-06-16,"[2301, 1506, 1934, 1948, 1950, 2113]"
201,yukicoder contest 194,2018-06-29,2018-06-30,"[1927, 1960, 1947, 1990, 2233, 1722]"
202,yukicoder contest 195,2018-07-13,2018-07-13,"[1168, 1878, 1223, 1890]"
203,yukicoder contest 196,2018-07-27,2018-07-28,"[1810, 2005, 1240, 1074, 1634]"
204,yukicoder contest 197,2018-08-03,2018-08-03,"[1835, 2200, 1842, 1935]"
205,yukicoder contest 198,2018-08-24,2018-08-24,"[2214, 2215, 2249, 1937]"
206,yukicoder contest 199,2018-09-07,2018-09-07,"[2253, 1418, 1169, 1490, 1132]"
207,yukicoder contest 200,2018-09-28,2018-09-28,"[2392, 2285, 1991, 2075, 1732]"
208,yukicoder contest 201,2018-10-05,2018-10-05,"[2349, 2007, 1333, 2147, 2063]"
209,yukicoder contest 202,2018-10-19,2018-10-19,"[1951, 2171, 2229, 2242, 2382, 2239]"
210,yukicoder contest 203,2018-11-09,2018-11-09,"[2455, 2437, 2158, 2156]"
211,Advent Calendar Contest 2018,2018-12-02,2018-12-25,"[2175, 2553, 1674, 1916, 2578, 2586, 2523, 2552, 1986, 2143, 1593, 2514, 2321, 2247, 2085, 2558, 2475, 2580, 2587, 2634, 2269, 2470, 2588, 2476, 2517]"
212,Advent Calendar Contest 2018 Score,2018-12-01,2018-12-26,[2525]
213,yukicoder contest 204,2019-01-11,2019-01-11,"[2519, 2681, 1709, 1706, 1784]"
214,yukicoder contest 205,2019-02-08,2019-02-08,"[2499, 1879, 1589, 1440, 2526, 2183]"
215,yukicoder contest 206,2019-02-22,2019-02-22,"[1817, 2331, 2520, 2217]"
216,yukicoder contest 207,2019-03-15,2019-03-15,"[2511, 2489, 2104, 2406]"
217,yukicoder contest 208,2019-03-17,2019-03-17,"[2814, 2815, 2813, 2778, 2818]"
218,yukicoder contest 209,2019-03-22,2019-03-22,"[2557, 2839, 2507, 2822, 2775]"
219,yukicoder contest 210,2019-04-12,2019-04-12,"[2289, 2426, 2337, 2850, 2260, 2097]"
220,yukicoder contest 211,2019-04-19,2019-04-19,"[2947, 2343, 2439, 2986, 2951]"
221,yukicoder April Fool Contest 2019,2019-04-01,2019-04-02,"[2888, 2918, 2849, 2829, 2607, 2914, 2744, 2922, 2925, 2891, 2164, 2675, 2865, 2898, 2908, 2924]"
222,yukicoder contest 212,2019-04-26,2019-04-26,"[2902, 2901, 2544, 2446, 2449]"
223,yukicoder contest 213,2019-05-03,2019-05-03,"[2983, 2982, 2978, 2977, 2596]"
224,yukicoder contest 214,2019-05-24,2019-05-24,"[2570, 2444, 3042, 3022, 2749]"
225,yukicoder contest 215,2019-06-14,2019-06-14,"[2502, 2708, 2600, 2601, 2617, 2892]"
226,yukicoder contest 216,2019-06-28,2019-06-28,"[2866, 2677, 2855, 2810, 2741]"
227,yukicoder contest 217,2019-07-05,2019-07-05,"[2860, 2882, 2711, 2705, 2870]"
228,yukicoder contest 218,2019-07-26,2019-07-26,"[3122, 2854, 3201, 2747, 2897, 2838]"
229,yukicoder contest 219,2019-08-09,2019-08-09,"[3141, 2506, 3084, 2259, 2254, 2407]"
230,yukicoder contest 220,2019-08-16,2019-08-16,"[3315, 3317, 3316, 3318, 3320, 3321, 3322]"
231,yukicoder contest 221,2019-08-30,2019-08-30,"[3273, 3119, 3128, 2743, 2776]"
232,yukicoder contest 222（セグメント木コンテスト）,2019-09-06,2019-09-06,"[3277, 3283, 3278, 3287, 3279, 3281]"
233,yukicoder contest 223,2019-09-13,2019-09-13,"[3354, 3339, 3334, 3163, 3267]"
234,37zigenさん問題,2019-09-07,2019-09-08,[3355]
236,yukicoder contest 224,2019-09-20,2019-09-20,"[3131, 3149, 3147, 3169, 3068]"
237,yukicoder contest 225,2019-09-27,2019-09-27,"[3138, 2012, 1692, 3387, 2101]"
238,yukicoder contest 226 （木上クエリコン）,2019-10-04,2019-10-04,"[3403, 3404, 3405, 3406, 3407, 3453]"
239,yukicoder contest 227,2019-10-11,2019-10-11,"[3413, 2699, 3433, 2413, 2900]"
240,yukicoder contest 228,2019-10-18,2019-10-18,"[3364, 2988, 3306, 3333, 3332, 3421]"
241,yukicoder contest 229,2019-10-25,2019-10-25,"[2842, 3389, 2827, 3305, 3092, 3227]"
242,yukicoder contest 230,2019-11-08,2019-11-08,"[3395, 3394, 3420, 3451, 3124, 3393]"
243,yukicoder contest 231,2019-11-22,2019-11-22,"[3608, 2795, 3564, 2255, 2878, 3473]"
244,yukicoder contest 232,2019-11-29,2019-11-29,"[3670, 3380, 3539, 3545, 3689, 3585]"
245,Advent Calendar Contest 2019,2019-12-01,2019-12-26,"[3601, 2417, 3679, 3366, 3678, 3625, 2628, 3650, 2684, 3612, 3661, 3719, 3672, 3744, 3323, 2386, 1551, 3606, 3688, 3556, 3600, 3605, 3583, 2539, 3766]"
246,yukicoder contest 233,2020-01-13,2020-01-13,"[3665, 3659, 3607, 3609, 3610]"
247,yukicoder contest 234,2020-01-17,2020-01-17,"[3632, 3633, 3634, 3635, 3636, 3724]"
248,37zigenさん門松問題,2020-01-05,2020-01-05,[3747]
249,yukicoder contest 236,2020-02-11,2020-02-11,"[3872, 3874, 3873, 3876, 3875]"
250,yukicoder contest 235,2020-01-31,2020-01-31,"[3212, 3902, 3435, 3209, 3491, 3211]"
251,yukicoder contest 238,2020-02-21,2020-02-21,"[3549, 3106, 3171, 3338, 3559]"
252,yukicoder contest 237,2020-02-14,2020-02-14,"[3935, 3905, 3906, 3907, 3924, 3784]"
253,yukicoder contest 239,2020-02-28,2020-02-28,"[3954, 3977, 3979, 3978, 3961]"
254,yukicoder contest 240,2020-03-06,2020-03-06,"[3863, 3862, 4007, 3984, 1753, 2963]"
255,yukicoder April Fool Contest 2020,2020-04-01,2020-04-01,"[4121, 4145, 3508, 3164, 4070, 4073, 4103, 4065, 4057, 2648, 3894, 3705, 2907, 4162]"
256,yukicoder contest 241,2020-03-20,2020-03-20,"[3658, 3587, 3663, 3597, 3604, 3986]"
257,yukicoder contest 242,2020-04-03,2020-04-03,"[4016, 4015, 4044, 4014, 4041]"
258,yukicoder contest 243,2020-04-10,2020-04-10,"[4005, 4030, 4002, 4008, 4034, 4031]"
259,yukicoder contest 244,2020-04-17,2020-04-17,"[4138, 4146, 4136, 4172, 4171]"
260,yukicoder contest 245,2020-04-24,2020-04-24,"[4232, 4021, 2772, 4072, 3502, 3912, 3937]"
261,yukicoder contest 246,2020-05-01,2020-05-01,"[3618, 3436, 3619, 3620, 3621, 3622]"
262,yukicoder contest 247,2020-05-08,2020-05-08,"[4131, 4134, 4117, 4094, 4093, 4132]"
263,yukicoder contest 248,2020-05-15,2020-05-15,"[4287, 4228, 3592, 3417, 3469]"
264,yukicoder contest 249,2020-05-22,2020-05-22,"[4263, 4256, 4272, 4274, 4260, 4315]"
265,yukicoder contest 250,2020-05-29,2020-05-29,"[4241, 4108, 4230, 4157, 4379, 4302, 4227]"
266,yukicoder contest 251,2020-06-05,2020-06-05,"[3139, 4371, 3114, 4336, 2577, 4352]"
267,yukicoder contest 252,2020-06-12,2020-06-12,"[4321, 4318, 4307, 4354, 4119]"
268,yukicoder contest 253,2020-06-19,2020-06-19,"[3824, 3823, 3822, 3681, 3693, 3825, 4220]"
269,yukicoder contest 256,2020-07-10,2020-07-10,"[3486, 3487, 3510, 3488, 3498, 3449]"
270,yukicoder contest 254,2020-06-26,2020-06-26,"[4386, 4213, 4385, 4402, 4374, 4373]"
271,yukicoder contest 255,2020-07-03,2020-07-03,"[4415, 4283, 4203, 4444, 2573]"
272,yukicoder contest 257,2020-07-17,2020-07-17,"[4689, 4703, 3927, 4557, 4450, 3409]"
273,yukicoder contest 258,2020-07-22,2020-07-22,"[4629, 4630, 4640, 4632, 4633, 4634, 4638]"
274,yukicoder contest 259,2020-07-31,2020-07-31,"[4800, 4822, 3455, 4608, 3904, 4687, 4665]"
275,yukicoder contest 260 (Typical Game Contest),2020-08-07,2020-08-07,"[4650, 4649, 4648, 4580, 4619, 4624]"
276,yukicoder contest 261,2020-08-14,2020-08-14,"[4401, 4809, 4387, 4729, 4271, 4255]"
277,yukicoder contest 262,2020-08-21,2020-08-21,"[4810, 4790, 4758, 4813, 4811, 4843, 4752]"
284,技術室奥プログラミングコンテスト#5 Day1,2020-08-22,2020-08-22,"[4955, 4872, 4922, 4875, 4676, 4876, 4880, 4874, 4671, 4390, 4848, 4849, 4900, 4683, 5023, 4862]"
1,yukicoder contest 1,2014-07-23,2014-07-23,[17]
2,yukicoder contest 2,2014-07-23,2014-07-24,[18]
3,yukicoder contest 3,2014-07-24,2014-07-24,[11]
4,yukicoder contest 4,2014-07-24,2014-07-25,[19]
5,"yukicoder contest 5
",2014-07-26,2014-07-26,[14]
6,yukicoder contest 6,2014-07-26,2014-07-27,[24]
7,yukicoder contest 7,2014-07-27,2014-07-28,[25]
8,yukicoder contest 8,2014-07-29,2014-07-30,[26]
9,yukicoder contest 9,2014-07-31,2014-08-01,[28]
10,yukicoder contest 10,2014-08-03,2014-08-04,[29]
11,yukicoder contest 11,2014-08-05,2014-08-06,[30]
12,yukicoder contest 12,2014-08-07,2014-08-08,[34]
13,yukicoder contest 13,2014-08-10,2014-08-11,[37]
14,yukicoder contest 14,2014-08-14,2014-08-15,[38]
15,yukicoder contest 15,2014-08-17,2014-08-18,[39]
16,yukicoder contest 16,2014-08-21,2014-08-22,[42]
17,yukicoder contest 17,2014-08-24,2014-08-25,[61]
18,yukicoder contest 18,2014-08-26,2014-08-27,[59]
19,yukicoder contest 19,2014-08-28,2014-08-29,[62]
20,yukicoder contest 20,2014-08-31,2014-09-01,[64]
21,yukicoder contest 21,2014-09-02,2014-09-03,[67]
22,yukicoder contest 22,2014-09-04,2014-09-05,[68]
23,yukicoder contest 23,2014-09-07,2014-09-08,[33]
24,yukicoder contest 24,2014-09-09,2014-09-10,[69]
25,yukicoder contest 25,2014-09-11,2014-09-12,[70]
26,yukicoder contest 26,2014-09-16,2014-09-17,[74]
27,yukicoder contest 27,2014-09-18,2014-09-19,[32]
28,yukicoder contest 28,2014-09-21,2014-09-22,[9]
29,yukicoder contest 29,2014-09-23,2014-09-24,[1]
30,yukicoder contest 30,2014-09-25,2014-09-26,[2]
31,yukicoder contest 31,2014-09-28,2014-09-29,[3]
32,yukicoder contest 32,2014-09-30,2014-10-01,[5]
33,yukicoder contest 33,2014-10-02,2014-10-03,[6]
34,yukicoder contest 34,2014-10-05,2014-10-06,[15]
35,yukicoder contest 35,2014-10-07,2014-10-08,"[4, 27]"
36,yukicoder contest 36,2014-10-09,2014-10-10,[63]
37,yukicoder contest 37,2014-10-12,2014-10-13,[31]
38,yukicoder contest 38,2014-10-14,2014-10-15,"[36, 60]"
39,yukicoder contest 39,2014-10-16,2014-10-17,"[40, 22]"
40,yukicoder contest 40,2014-10-19,2014-10-20,[8]
41,yukicoder contest 41,2014-10-21,2014-10-22,"[43, 89]"
42,yukicoder contest 42,2014-10-23,2014-10-23,"[75, 87]"
43,yukicoder contest 43,2014-10-26,2014-10-27,[81]
44,yukicoder contest 44,2014-10-28,2014-10-29,"[100, 10]"
45,yukicoder contest 45,2014-10-30,2014-10-31,"[80, 41]"
46,yukicoder contest 46,2014-11-03,2014-11-03,[83]
47,yukicoder contest 47,2014-11-04,2014-11-05,"[111, 82, 79]"
48,yukicoder contest 48,2014-11-06,2014-11-07,[98]
49,yukicoder contest 49,2014-11-09,2014-11-10,"[123, 113]"
50,yukicoder contest 50,2014-11-10,2014-11-10,[132]
51,yukicoder contest 51,2014-11-11,2014-11-12,"[134, 119]"
52,yukicoder contest 52,2014-11-13,2014-11-14,"[84, 93]"
53,yukicoder contest 53,2014-11-16,2014-11-17,"[145, 146]"
54,yukicoder contest 54,2014-11-18,2014-11-19,"[35, 126, 140, 162]"
55,yukicoder contest 55,2014-11-20,2014-11-21,"[144, 127]"
56,yukicoder contest 56,2014-11-23,2014-11-24,"[129, 154]"
57,yukicoder contest 57,2014-12-07,2014-12-07,"[148, 179, 209, 200, 149, 103, 23, 115, 105, 101]"
58,yukicoder contest 58,2014-11-25,2014-11-26,"[186, 152]"
59,yukicoder contest 59,2014-11-27,2014-11-28,"[202, 203, 124]"
60,yukicoder contest 60,2014-12-02,2014-12-03,"[201, 196, 166]"
61,yukicoder contest 61,2014-12-04,2014-12-05,"[156, 195]"
62,yukicoder Advent Calendar Problem,2014-12-07,2014-12-07,[218]
63,yukicoder contest 63,2014-12-09,2014-12-10,"[224, 191]"
64,yukicoder contest 64,2014-12-11,2014-12-12,"[178, 213]"
65,yukicoder contest 65,2014-12-14,2014-12-15,"[116, 187]"
66,yukicoder contest 66,2014-12-16,2014-12-17,"[176, 198]"
67,yukicoder contest 67,2014-12-18,2014-12-19,"[158, 102]"
68,yukicoder contest 68,2014-12-21,2014-12-22,"[121, 120]"
69,yukicoder ネタコンテスト,2014-12-25,2014-12-26,"[204, 268, 267, 214, 266, 274, 173, 241]"
70,yukicoder contest 70,2014-12-23,2014-12-24,"[265, 246, 253]"
71,yukicoder contest 71,2014-12-28,2014-12-29,"[278, 114, 205]"
72,yukicoder contest 72,2015-01-04,2015-01-05,"[220, 184]"
73,yukicoder contest 73,2015-01-06,2015-01-07,"[221, 7]"
74,yukicoder contest 74,2015-01-08,2015-01-09,"[291, 292, 298]"
75,yukicoder contest 75,2015-01-11,2015-01-12,"[284, 222, 167]"
76,yukicoder contest 76,2015-01-13,2015-01-14,"[219, 293]"
77,yukicoder contest 77,2015-01-16,2015-01-17,"[130, 143, 282]"
78,yukicoder contest 78,2015-01-20,2015-01-21,"[310, 147]"
79,yukicoder contest 79,2015-01-25,2015-01-26,"[135, 254, 192]"
80,yukicoder contest 80,2015-01-22,2015-01-23,"[199, 273]"
81,yukicoder contest 81,2015-01-29,2015-01-30,"[341, 250, 251]"
82,yukicoder contest 82,2015-02-01,2015-02-02,"[228, 206]"
83,yukicoder contest 83,2015-02-05,2015-02-06,"[361, 242, 236]"
84,yukicoder contest 84,2015-02-08,2015-02-09,"[369, 370, 371]"
85,yukicoder contest 85,2015-02-12,2015-02-13,"[295, 344, 383]"
86,yukicoder contest 86,2015-02-15,2015-02-16,"[257, 13]"
87,yukicoder contest 87,2015-02-17,2015-02-18,"[372, 183]"
88,yukicoder contest 88,2015-02-26,2015-02-27,"[307, 233, 125]"
89,yukicoder contest 89,2015-03-01,2015-03-02,"[405, 417]"
90,yukicoder contest 90,2015-03-05,2015-03-06,"[252, 281]"
91,yukicoder contest 91,2015-03-12,2015-03-13,"[339, 317, 264]"
92,yukicoder contest 92,2015-03-19,2015-03-20,"[380, 373, 296]"
93,yukicoder contest 93,2015-03-22,2015-03-23,"[340, 409, 414]"
94,yukicoder contest 94,2015-03-26,2015-03-27,"[388, 325, 326]"
95,yukicoder contest 95,2015-04-02,2015-04-03,"[415, 457, 177]"
96,yukicoder contest 96,2015-04-05,2015-04-06,"[424, 454, 425, 472]"
97,yukicoder contest 97,2015-04-16,2015-04-17,"[485, 470, 481]"
98,yukicoder contest 98,2015-04-19,2015-04-20,"[446, 447, 448]"
99,yukicoder contest 99,2015-04-22,2015-04-22,"[492, 493, 499]"
100,yukicoder open 2015 small,2015-04-26,2015-04-27,"[502, 391, 461, 381, 382, 234]"
101,yukicoder contest 101,2015-04-28,2015-04-29,"[432, 428, 433, 297]"
102,yukicoder contest 102,2015-05-03,2015-05-04,"[436, 476, 512, 230]"
103,yukicoder contest 103,2015-05-08,2015-05-08,"[526, 490, 412, 440]"
104,yukicoder contest 104,2015-05-15,2015-05-15,"[560, 487, 368, 483]"
105,yukicoder contest 105,2015-05-22,2015-05-23,"[441, 442, 443, 104, 444]"
106,yukicoder contest 106,2015-05-26,2015-05-26,"[550, 557]"
107,yukicoder contest 107,2015-05-29,2015-05-29,"[587, 593, 577]"
108,yukicoder contest 108,2015-06-05,2015-06-05,"[509, 211, 558]"
109,yukicoder 1周年記念 復習コンテスト R1,2015-07-24,2015-07-25,"[692, 302, 392, 387, 687, 676, 637]"
110,yukicoder contest 110,2015-06-12,2015-06-12,"[609, 610, 600]"
111,yukicoder contest 111,2015-06-19,2015-06-19,"[562, 247, 617, 625]"
112,yukicoder contest 112,2015-06-26,2015-06-27,"[535, 498, 537, 536, 640]"
113,yukicoder contest 113,2015-07-05,2015-07-05,"[592, 239, 591]"
114,yukicoder contest 114,2015-07-10,2015-07-11,"[659, 303, 642, 638, 643]"
115,yukicoder contest 115,2015-07-17,2015-07-18,"[651, 507, 551, 678, 580]"
116,yukicoder 1周年記念 復習コンテスト R2,2015-07-31,2015-08-01,"[694, 708, 710, 396, 612, 655, 402, 399]"
117,yukicoder contest 117,2015-08-07,2015-08-07,"[699, 605, 596]"
118,yukicoder contest 118,2015-08-21,2015-08-22,"[581, 394, 473, 569, 336]"
119,yukicoder contest 119,2015-08-28,2015-08-28,"[590, 389, 658]"
120,yukicoder contest 120,2015-09-04,2015-09-04,"[746, 744, 666, 745]"
121,yukicoder contest 121,2015-09-18,2015-09-19,"[531, 604, 661, 721, 664, 662]"
122,yukicoder contest 122,2015-10-09,2015-10-09,"[752, 528, 763, 333]"
123,yukicoder contest 123,2015-10-16,2015-10-16,"[783, 335, 622]"
124,yukicoder contest 124,2015-10-23,2015-10-23,"[725, 728, 743, 400]"
125,yukicoder contest 125,2015-11-06,2015-11-07,"[822, 464, 702]"
126,yukicoder contest 126,2015-11-13,2015-11-14,"[808, 817, 189, 190, 831]"
127,Advent Calendar Contest 2015,2015-12-01,2015-12-26,"[840, 846, 874, 848, 847, 686, 882, 766, 891, 896, 899, 850, 875, 849, 884, 845, 879, 477, 905, 904, 703, 663, 778, 877, 894]"
128,yukicoder contest 128,2015-11-27,2015-11-28,"[765, 768, 853, 769]"
129,yukicoder contest 129,2016-01-15,2016-01-16,"[935, 930, 936, 933]"
130,yukicoder contest 130,2016-01-29,2016-01-29,"[798, 814, 776, 932]"
131,yukicoder contest 131,2016-02-12,2016-02-13,"[563, 564, 707, 857]"
132,yukicoder contest 132,2016-02-26,2016-02-27,"[984, 987, 836, 795]"
133,yukicoder contest 133,2016-03-11,2016-03-12,"[924, 737, 735, 750]"
134,yukicoder April Contest,2016-04-01,2016-04-02,"[799, 958, 701, 616, 810]"
135,yukicoder 門松コンテスト,2016-04-17,2016-04-18,"[1025, 940, 1067, 1016, 1010, 1024, 1009]"
136,yukicoder contest 136,2016-04-29,2016-04-30,"[1081, 1077, 996, 1048]"
137,yukicoder contest 137,2016-05-13,2016-05-14,"[1039, 780, 980, 598]"
138,yukicoder contest 138,2016-06-04,2016-06-05,"[748, 1021, 489, 547, 561]"
139,yukicoder contest 139,2016-06-17,2016-06-18,"[922, 898, 348, 923, 867]"
140,yukicoder contest 140,2016-07-01,2016-07-02,"[683, 397, 913, 1183, 1199]"
141,yukicoder contest 141,2016-07-08,2016-07-09,"[961, 1030, 486, 918]"
142,yukicoder contest 142,2016-07-15,2016-07-16,"[818, 1235, 437, 1233, 819, 1249]"
143,yukicoder contest 143,2016-07-22,2016-07-23,"[1044, 1218, 1152, 893, 1072]"
144,yukicoder contest 144,2016-07-12,2016-07-13,"[1188, 1189]"
145,yukicoder contest 145,2016-08-05,2016-08-06,"[826, 1221, 1232, 1161, 1064]"
146,yukicoder contest 146,2016-08-12,2016-08-13,"[974, 754, 770, 1175]"
147,yukicoder contest 147,2016-08-26,2016-08-27,"[1263, 1224, 1229, 1207]"
148,yukicoder contest 148,2016-09-09,2016-09-10,"[299, 615, 491, 277, 627]"
149,yukicoder contest 149,2016-09-22,2016-09-23,"[1306, 1326, 1307, 1321]"
150,yukicoder contest 150,2016-10-02,2016-10-03,"[1294, 901, 926, 1013]"
151,yukicoder contest 151,2016-10-14,2016-10-15,"[1352, 1104, 684, 467, 466]"
152,yukicoder contest 152,2016-10-28,2016-10-29,"[1098, 1126, 1100, 1094, 1095]"
153,yukicoder contest 153,2016-11-11,2016-11-12,"[1227, 1228, 871, 1291]"
154,yukicoder contest 154,2016-11-18,2016-11-19,"[1243, 1170, 978, 1430, 988]"
155,yukicoder contest 155,2017-01-27,2017-01-28,"[1300, 1186, 1489, 1357]"
156,Advent Calendar Contest 2016,2016-12-01,2016-12-25,"[1434, 1416, 1455, 771, 1436, 1438, 1451, 1414, 931, 1435, 1121, 1096, 1389, 1450, 1447, 1467, 1138, 1163, 1456, 1476, 1425, 709, 734, 1437, 1355, 131]"
157,yukicoder contest 156,2017-02-10,2017-02-11,"[1480, 1358, 1330, 689, 1428]"
158,yukicoder contest 157,2017-02-24,2017-02-25,"[1535, 1402, 1407, 979, 1266]"
159,yukicoder contest 158,2017-03-10,2017-03-11,"[1398, 1284, 1283, 1313]"
160,yukicoder contest 159,2017-03-24,2017-03-25,"[1359, 1413, 934, 488, 1020]"
161,yukicoder April fool contest （変わり種問題）,2017-03-31,2017-04-01,"[1613, 1607, 1332, 1606, 1566, 1147, 888, 1176, 1409, 1620, 1614]"
162,yukicoder contest 160,2017-04-07,2017-04-08,"[1580, 1097, 1075, 1504, 1522]"
163,yukicoder contest 161,2017-04-21,2017-04-21,"[1162, 1342, 1603, 1164]"
164,yukicoder contest 162,2017-04-28,2017-04-29,"[1331, 1337, 1316, 1292]"
165,yukicoder contest 163,2017-05-05,2017-05-06,"[1433, 1059, 1060, 1408]"
166,yukicoder contest 164,2017-05-28,2017-05-28,"[1360, 1007, 1276, 1195, 1212]"
167,yukicoder contest 165,2017-06-02,2017-06-03,"[1427, 1415, 1117, 1091]"
168,yukicoder contest 166,2017-06-09,2017-06-10,"[1378, 1344, 1133, 1627, 1290]"
169,yukicoder contest 167,2017-06-23,2017-06-24,"[1639, 1472, 1625, 1755, 1481, 1541]"
170,yukicoder contest 168,2017-06-30,2017-07-01,"[1410, 1746, 1015, 937, 1509, 1725]"
171,yukicoder contest 169,2017-07-14,2017-07-15,"[1677, 1632, 1485, 1203, 1280]"
172,yukicoder contest 170,2017-07-28,2017-07-29,"[1628, 1642, 1617, 1282, 1251]"
173,yukicoder contest 171,2017-08-11,2017-08-12,"[1734, 1778, 1287, 1305, 1213, 1789]"
174,yukicoder contest 172,2017-08-25,2017-08-26,"[1760, 1655, 1150, 816, 1759, 777]"
175,yukicoder contest 173,2017-09-08,2017-09-09,"[1873, 1638, 1159, 1336, 1738, 1729]"
176,yukicoder contest 174,2017-10-06,2017-10-07,"[1340, 1325, 1216, 1487, 1424, 1696]"
177,yukicoder contest 難問コンテスト,2017-10-13,2017-10-14,"[1923, 1807, 1727, 1737]"
178,yukicoder contest 175,2017-10-27,2017-10-28,"[1640, 1296, 1464, 1883, 1888]"
179,yukicoder contest 176,2017-11-03,2017-11-04,"[1779, 1641, 1119, 1594, 1645]"
180,yukicoder contest 177,2017-11-10,2017-11-11,"[1945, 1534, 1751, 1181, 1591, 1367]"
181,yukicoder contest 178,2017-11-24,2017-11-25,"[1761, 1868, 1171, 1172]"
182,Advent Calendar Contest 2017,2017-12-01,2017-12-25,"[1994, 1980, 1993, 1992, 1412, 2011, 2009, 2038, 2000, 2035, 1859, 2004, 2019, 2045, 2022, 2017, 2021, 2024, 2029, 2023, 2031, 1786, 471, 2040, 2058]"
183,yukicoder contest 179,2018-01-05,2018-01-05,"[1892, 1193, 1683, 1726, 2068]"
184,はむこさん問題,2017-12-15,2017-12-16,[2046]
185,yukicoder contest 180,2018-01-19,2018-01-19,"[1669, 1895, 1705, 1478, 1702]"
186,yukicoder contest 181,2018-01-26,2018-01-27,"[1694, 1852, 1805, 1932, 1995]"
187,yukicoder contest 182,2018-02-02,2018-02-02,"[2110, 1988, 1665, 1864]"
188,yukicoder contest 183,2018-02-09,2018-02-10,"[1926, 2103, 1854, 2120, 1317]"
189,yukicoder contest 184,2018-02-23,2018-02-24,"[1919, 1920, 1921, 2027, 1922]"
190,yukicoder contest 185,2018-03-02,2018-03-03,"[1656, 1971, 1973, 1570, 1889]"
191,yukicoder contest 186,2018-03-09,2018-03-10,"[1588, 2090, 1955, 1211, 1917]"
192,yukicoder April fool contest 2018,2018-04-01,2018-04-03,"[2114, 2225, 2220, 2226, 2166, 2167, 1314, 2227]"
193,yukicoder contest 187,2018-03-23,2018-03-24,"[1798, 1439, 1630, 1812, 1886]"
194,yukicoder contest 188,2018-04-13,2018-04-14,"[1361, 1486, 767, 1601, 1572]"
195,yukicoder contest 189,2018-04-27,2018-04-28,"[1799, 1865, 1209, 1897, 1776, 1853]"
196,yukicoder contest 190,2018-05-11,2018-05-12,"[2256, 2257, 2258, 1783, 1887]"
197,yukicoder contest 191,2018-05-18,2018-05-19,"[1667, 1684, 1685, 1686, 1687]"
198,yukicoder long contest 1,2018-05-25,2018-06-01,[2174]
199,yukicoder contest 192,2018-06-08,2018-06-09,"[2124, 2297, 2111, 2231, 2125]"
200,yukicoder contest 193,2018-06-15,2018-06-16,"[2301, 1506, 1934, 1948, 1950, 2113]"
201,yukicoder contest 194,2018-06-29,2018-06-30,"[1927, 1960, 1947, 1990, 2233, 1722]"
202,yukicoder contest 195,2018-07-13,2018-07-13,"[1168, 1878, 1223, 1890]"
203,yukicoder contest 196,2018-07-27,2018-07-28,"[1810, 2005, 1240, 1074, 1634]"
204,yukicoder contest 197,2018-08-03,2018-08-03,"[1835, 2200, 1842, 1935]"
205,yukicoder contest 198,2018-08-24,2018-08-24,"[2214, 2215, 2249, 1937]"
206,yukicoder contest 199,2018-09-07,2018-09-07,"[2253, 1418, 1169, 1490, 1132]"
207,yukicoder contest 200,2018-09-28,2018-09-28,"[2392, 2285, 1991, 2075, 1732]"
208,yukicoder contest 201,2018-10-05,2018-10-05,"[2349, 2007, 1333, 2147, 2063]"
209,yukicoder contest 202,2018-10-19,2018-10-19,"[1951, 2171, 2229, 2242, 2382, 2239]"
210,yukicoder contest 203,2018-11-09,2018-11-09,"[2455, 2437, 2158, 2156]"
211,Advent Calendar Contest 2018,2018-12-02,2018-12-25,"[2175, 2553, 1674, 1916, 2578, 2586, 2523, 2552, 1986, 2143, 1593, 2514, 2321, 2247, 2085, 2558, 2475, 2580, 2587, 2634, 2269, 2470, 2588, 2476, 2517]"
212,Advent Calendar Contest 2018 Score,2018-12-01,2018-12-26,[2525]
213,yukicoder contest 204,2019-01-11,2019-01-11,"[2519, 2681, 1709, 1706, 1784]"
214,yukicoder contest 205,2019-02-08,2019-02-08,"[2499, 1879, 1589, 1440, 2526, 2183]"
215,yukicoder contest 206,2019-02-22,2019-02-22,"[1817, 2331, 2520, 2217]"
216,yukicoder contest 207,2019-03-15,2019-03-15,"[2511, 2489, 2104, 2406]"
217,yukicoder contest 208,2019-03-17,2019-03-17,"[2814, 2815, 2813, 2778, 2818]"
218,yukicoder contest 209,2019-03-22,2019-03-22,"[2557, 2839, 2507, 2822, 2775]"
219,yukicoder contest 210,2019-04-12,2019-04-12,"[2289, 2426, 2337, 2850, 2260, 2097]"
220,yukicoder contest 211,2019-04-19,2019-04-19,"[2947, 2343, 2439, 2986, 2951]"
221,yukicoder April Fool Contest 2019,2019-04-01,2019-04-02,"[2888, 2918, 2849, 2829, 2607, 2914, 2744, 2922, 2925, 2891, 2164, 2675, 2865, 2898, 2908, 2924]"
222,yukicoder contest 212,2019-04-26,2019-04-26,"[2902, 2901, 2544, 2446, 2449]"
223,yukicoder contest 213,2019-05-03,2019-05-03,"[2983, 2982, 2978, 2977, 2596]"
224,yukicoder contest 214,2019-05-24,2019-05-24,"[2570, 2444, 3042, 3022, 2749]"
225,yukicoder contest 215,2019-06-14,2019-06-14,"[2502, 2708, 2600, 2601, 2617, 2892]"
226,yukicoder contest 216,2019-06-28,2019-06-28,"[2866, 2677, 2855, 2810, 2741]"
227,yukicoder contest 217,2019-07-05,2019-07-05,"[2860, 2882, 2711, 2705, 2870]"
228,yukicoder contest 218,2019-07-26,2019-07-26,"[3122, 2854, 3201, 2747, 2897, 2838]"
229,yukicoder contest 219,2019-08-09,2019-08-09,"[3141, 2506, 3084, 2259, 2254, 2407]"
230,yukicoder contest 220,2019-08-16,2019-08-16,"[3315, 3317, 3316, 3318, 3320, 3321, 3322]"
231,yukicoder contest 221,2019-08-30,2019-08-30,"[3273, 3119, 3128, 2743, 2776]"
232,yukicoder contest 222（セグメント木コンテスト）,2019-09-06,2019-09-06,"[3277, 3283, 3278, 3287, 3279, 3281]"
233,yukicoder contest 223,2019-09-13,2019-09-13,"[3354, 3339, 3334, 3163, 3267]"
234,37zigenさん問題,2019-09-07,2019-09-08,[3355]
236,yukicoder contest 224,2019-09-20,2019-09-20,"[3131, 3149, 3147, 3169, 3068]"
237,yukicoder contest 225,2019-09-27,2019-09-27,"[3138, 2012, 1692, 3387, 2101]"
238,yukicoder contest 226 （木上クエリコン）,2019-10-04,2019-10-04,"[3403, 3404, 3405, 3406, 3407, 3453]"
239,yukicoder contest 227,2019-10-11,2019-10-11,"[3413, 2699, 3433, 2413, 2900]"
240,yukicoder contest 228,2019-10-18,2019-10-18,"[3364, 2988, 3306, 3333, 3332, 3421]"
241,yukicoder contest 229,2019-10-25,2019-10-25,"[2842, 3389, 2827, 3305, 3092, 3227]"
242,yukicoder contest 230,2019-11-08,2019-11-08,"[3395, 3394, 3420, 3451, 3124, 3393]"
243,yukicoder contest 231,2019-11-22,2019-11-22,"[3608, 2795, 3564, 2255, 2878, 3473]"
244,yukicoder contest 232,2019-11-29,2019-11-29,"[3670, 3380, 3539, 3545, 3689, 3585]"
245,Advent Calendar Contest 2019,2019-12-01,2019-12-26,"[3601, 2417, 3679, 3366, 3678, 3625, 2628, 3650, 2684, 3612, 3661, 3719, 3672, 3744, 3323, 2386, 1551, 3606, 3688, 3556, 3600, 3605, 3583, 2539, 3766]"
246,yukicoder contest 233,2020-01-13,2020-01-13,"[3665, 3659, 3607, 3609, 3610]"
247,yukicoder contest 234,2020-01-17,2020-01-17,"[3632, 3633, 3634, 3635, 3636, 3724]"
248,37zigenさん門松問題,2020-01-05,2020-01-05,[3747]
249,yukicoder contest 236,2020-02-11,2020-02-11,"[3872, 3874, 3873, 3876, 3875]"
250,yukicoder contest 235,2020-01-31,2020-01-31,"[3212, 3902, 3435, 3209, 3491, 3211]"
251,yukicoder contest 238,2020-02-21,2020-02-21,"[3549, 3106, 3171, 3338, 3559]"
252,yukicoder contest 237,2020-02-14,2020-02-14,"[3935, 3905, 3906, 3907, 3924, 3784]"
253,yukicoder contest 239,2020-02-28,2020-02-28,"[3954, 3977, 3979, 3978, 3961]"
254,yukicoder contest 240,2020-03-06,2020-03-06,"[3863, 3862, 4007, 3984, 1753, 2963]"
255,yukicoder April Fool Contest 2020,2020-04-01,2020-04-01,"[4121, 4145, 3508, 3164, 4070, 4073, 4103, 4065, 4057, 2648, 3894, 3705, 2907, 4162]"
256,yukicoder contest 241,2020-03-20,2020-03-20,"[3658, 3587, 3663, 3597, 3604, 3986]"
257,yukicoder contest 242,2020-04-03,2020-04-03,"[4016, 4015, 4044, 4014, 4041]"
258,yukicoder contest 243,2020-04-10,2020-04-10,"[4005, 4030, 4002, 4008, 4034, 4031]"
259,yukicoder contest 244,2020-04-17,2020-04-17,"[4138, 4146, 4136, 4172, 4171]"
260,yukicoder contest 245,2020-04-24,2020-04-24,"[4232, 4021, 2772, 4072, 3502, 3912, 3937]"
261,yukicoder contest 246,2020-05-01,2020-05-01,"[3618, 3436, 3619, 3620, 3621, 3622]"
262,yukicoder contest 247,2020-05-08,2020-05-08,"[4131, 4134, 4117, 4094, 4093, 4132]"
263,yukicoder contest 248,2020-05-15,2020-05-15,"[4287, 4228, 3592, 3417, 3469]"
264,yukicoder contest 249,2020-05-22,2020-05-22,"[4263, 4256, 4272, 4274, 4260, 4315]"
265,yukicoder contest 250,2020-05-29,2020-05-29,"[4241, 4108, 4230, 4157, 4379, 4302, 4227]"
266,yukicoder contest 251,2020-06-05,2020-06-05,"[3139, 4371, 3114, 4336, 2577, 4352]"
267,yukicoder contest 252,2020-06-12,2020-06-12,"[4321, 4318, 4307, 4354, 4119]"
268,yukicoder contest 253,2020-06-19,2020-06-19,"[3824, 3823, 3822, 3681, 3693, 3825, 4220]"
269,yukicoder contest 256,2020-07-10,2020-07-10,"[3486, 3487, 3510, 3488, 3498, 3449]"
270,yukicoder contest 254,2020-06-26,2020-06-26,"[4386, 4213, 4385, 4402, 4374, 4373]"
271,yukicoder contest 255,2020-07-03,2020-07-03,"[4415, 4283, 4203, 4444, 2573]"
272,yukicoder contest 257,2020-07-17,2020-07-17,"[4689, 4703, 3927, 4557, 4450, 3409]"
273,yukicoder contest 258,2020-07-22,2020-07-22,"[4629, 4630, 4640, 4632, 4633, 4634, 4638]"
274,yukicoder contest 259,2020-07-31,2020-07-31,"[4800, 4822, 3455, 4608, 3904, 4687, 4665]"
275,yukicoder contest 260 (Typical Game Contest),2020-08-07,2020-08-07,"[4650, 4649, 4648, 4580, 4619, 4624]"
276,yukicoder contest 261,2020-08-14,2020-08-14,"[4401, 4809, 4387, 4729, 4271, 4255]"
277,yukicoder contest 262,2020-08-21,2020-08-21,"[4810, 4790, 4758, 4813, 4811, 4843, 4752]"
278,yukicoder contest 263,2020-08-28,2020-08-28,"[4763, 4774, 4755, 4783, 4807, 4791, 4812]"
284,技術室奥プログラミングコンテスト#5 Day1,2020-08-22,2020-08-22,"[4955, 4872, 4922, 4875, 4676, 4876, 4880, 4874, 4671, 4390, 4848, 4849, 4900, 4683, 5023, 4862]"
